Epoch,train_sat_kb,test_sat_kb,train_accuracy,test_accuracy,test_sat_phi1,test_sat_phi2,test_sat_phi3
0,0.7815558314323425,0.8208306431770325,0.9765965938568115,0.984731137752533,0.9993134140968323,0.08808159083127975,0.9772260189056396
