Pozitie,Severitate def,Mod 1,Mod 2,Mod 3,Mod 4,Mod 5,Mod 6,Mod 7,Mod 8
0.098,"0,00334597102080933",0.02061,0.007828,0.001629,0.000031,0.00207,0.005964,0.009762,0.011873
0.31,"0,00334597102080933",0.001795,0.00066,0.002334,0.0006,0.000542,0.002654,0.001223,0.000146
0.569,"0,00334597102080933",0.002382,0.017252,0.005019,0.009109,0.011488,0.002556,0.016603,0.000017
0.126,"0,00334597102080933",0.023458,0.00555,0.000064,0.002581,0.008901,0.014021,0.01461,0.010491
0.759,"0,00334597102080933",0.000288,0.005461,0.017336,0.017272,0.004422,0.000996,0.012234,0.016377
