{"loss":{"0":1.5564752817,"1":1.3801469803,"2":1.0720635653,"3":0.6885581613,"4":0.4685353041,"5":0.2871185839,"6":0.1713060439,"7":0.1409946829,"8":0.124165684,"9":0.1106733009,"10":0.0995861441,"11":0.0905483887,"12":0.0832247362,"13":0.0768832564,"14":0.0720267221,"15":0.0683193654,"16":0.0653825626,"17":0.0629303679,"18":0.0608358644,"19":0.0589293316,"20":0.0573312752,"21":0.0558613501,"22":0.0543890223,"23":0.0532895587,"24":0.0521115847,"25":0.0511182733,"26":0.0501251668,"27":0.0494180508,"28":0.0486202985,"29":0.0481889732,"30":0.0474446155,"31":0.0467097685,"32":0.0462990627,"33":0.0458772145,"34":0.0457312837,"35":0.0448888987,"36":0.044641193,"37":0.0444640629,"38":0.0441813953,"39":0.0435228646,"40":0.0432147235,"41":0.0431030057,"42":0.0428811014,"43":0.0426478945,"44":0.0422548503,"45":0.0420615673,"46":0.0418885462,"47":0.0415476859,"48":0.0413149185,"49":0.0411118008,"50":0.0414112918,"51":0.0407410152,"52":0.0405327119,"53":0.0403746068,"54":0.0402927957,"55":0.040043924,"56":0.0398551896,"57":0.0399068631,"58":0.0395361856,"59":0.0393112227},"accuracy":{"0":0.2676817477,"1":0.5794848204,"2":0.6025987864,"3":0.6036748886,"4":0.7936348319,"5":0.9616600275,"6":0.9627590179,"7":0.9661934972,"8":0.9701889157,"9":0.9710131884,"10":0.9715970755,"11":0.9746994972,"12":0.9765999317,"13":0.978420198,"14":0.9788780808,"15":0.9790498018,"16":0.9797825217,"17":0.9804350734,"18":0.9824156165,"19":0.9846022129,"20":0.9856210947,"21":0.9859874249,"22":0.9861934781,"23":0.9863881469,"24":0.9867888093,"25":0.9867201447,"26":0.9867659211,"27":0.9868804216,"28":0.9869147539,"29":0.9871322513,"30":0.9870864749,"31":0.9870177507,"32":0.9872353077,"33":0.9871780276,"34":0.98726964,"35":0.9873726964,"36":0.9872925282,"37":0.9874184728,"38":0.9873383045,"39":0.9874642491,"40":0.9874184728,"41":0.9874070287,"42":0.9876588583,"43":0.9875214696,"44":0.9875673056,"45":0.9876016378,"46":0.9878076911,"47":0.9878649116,"48":0.9877848029,"49":0.987796247,"50":0.987796247,"51":0.9877275825,"52":0.9879336357,"53":0.9878993034,"54":0.9878534675,"55":0.9879450798,"56":0.9879565239,"57":0.9880366921,"58":0.9879908562,"59":0.9881969094},"val_loss":{"0":1.4735270739,"1":1.2445396185,"2":0.8572559953,"3":0.5534337163,"4":0.3900344074,"5":0.2080787718,"6":0.1578826159,"7":0.137817651,"8":0.1226994321,"9":0.1106878519,"10":0.1010470539,"11":0.0934190303,"12":0.0869288594,"13":0.0815028921,"14":0.0773145482,"15":0.0743950903,"16":0.0716939345,"17":0.0695119053,"18":0.0676707104,"19":0.0659798309,"20":0.0645279735,"21":0.0630976409,"22":0.0618545823,"23":0.0606392846,"24":0.059934821,"25":0.0586505122,"26":0.0582518689,"27":0.057287883,"28":0.0566065125,"29":0.0572544336,"30":0.0556384288,"31":0.0553385206,"32":0.0547329634,"33":0.0547915921,"34":0.0541250557,"35":0.0535497405,"36":0.0535470583,"37":0.0532174259,"38":0.0526910909,"39":0.0524124876,"40":0.0521604083,"41":0.0518804565,"42":0.051843781,"43":0.0519171692,"44":0.0513274893,"45":0.0512795784,"46":0.0512054227,"47":0.0509022288,"48":0.0507477932,"49":0.0510711297,"50":0.0507040061,"51":0.0500953533,"52":0.0505791344,"53":0.0497028865,"54":0.0498960763,"55":0.0493391082,"56":0.0492837913,"57":0.0491238162,"58":0.0489842109,"59":0.0487536602},"val_accuracy":{"0":0.5295814872,"1":0.5977196097,"2":0.5997802019,"3":0.6006502509,"4":0.9575511217,"5":0.9610770941,"6":0.961718142,"7":0.9688616395,"8":0.9696859121,"9":0.9699148536,"10":0.9724333882,"11":0.9741277099,"12":0.9767378569,"13":0.9769210219,"14":0.9769210219,"15":0.9776079059,"16":0.9783863425,"17":0.9785695076,"18":0.9827365875,"19":0.984018743,"20":0.9844766259,"21":0.9847514033,"22":0.9847514033,"23":0.984888792,"24":0.9850261211,"25":0.9852092862,"26":0.9851177335,"27":0.9853466749,"28":0.9854382873,"29":0.9853924513,"30":0.98552984,"31":0.9853924513,"32":0.985575676,"33":0.98552984,"34":0.985575676,"35":0.9856672287,"36":0.985575676,"37":0.9856672287,"38":0.985758841,"39":0.9856672287,"40":0.9859420061,"41":0.9858503938,"42":0.9858503938,"43":0.9856214523,"44":0.9858503938,"45":0.9858503938,"46":0.9858961701,"47":0.9859420061,"48":0.9861709476,"49":0.9858046174,"50":0.9858961701,"51":0.9861251712,"52":0.9859877825,"53":0.9860335588,"54":0.9861251712,"55":0.9862625003,"56":0.9862167239,"57":0.986399889,"58":0.9863541126,"59":0.9863541126}}